ip,alive,mac,open_ports,banners,http,tls
10.6.3.73,True,,"80,139,443,445,3306","{""3306"": ""D\u0000\u0000\u0000j\u0004Host '10.6.3.56' is not allowed to connect to this MariaDB server""}","{""server"": ""Apache/2.4.58 (Win64) OpenSSL/3.1.3 PHP/8.2.12"", ""x_powered_by"": """", ""robots_txt"": false, ""status_code"": 200}","{""valid"": null, ""expires_in_days"": null, ""notAfter"": null}"
10.6.3.59,True,,"139,445,3306,3389,5900","{""5900"": ""RFB 003.008""}",{},{}
10.6.3.56,True,,"80,5900","{""5900"": ""RFB 003.889""}","{""server"": ""Apache/2.4.59 (Unix)"", ""x_powered_by"": """", ""robots_txt"": false, ""status_code"": 200}",{}
10.6.3.57,True,,"80,3306","{""3306"": ""P\u0000\u0000\u0000j\u0004Le h\u00f4te '10.6.3.56' n'est pas authoris\u00e9 \u00e0 se connecter \u00e0 ce serveur MySQL""}","{""server"": ""Apache/2.4.62 (Win64) PHP/8.4.0 mod_fcgid/2.3.10-dev"", ""x_powered_by"": """", ""robots_txt"": false, ""status_code"": 403}",{}
10.6.3.250,True,,80,{},"{""server"": ""Apache/2.4.62 (Unix)"", ""x_powered_by"": """", ""robots_txt"": false, ""status_code"": 200}",{}
10.6.3.81,True,,"139,445",{},{},{}
10.6.3.65,True,,"139,445",{},{},{}
10.6.3.75,True,,"139,445",{},{},{}
10.6.3.20,True,,,{},{},{}
10.6.3.33,True,,,{},{},{}
10.6.3.35,True,,,{},{},{}
10.6.3.49,True,,,{},{},{}
10.6.3.54,True,,,{},{},{}
10.6.3.69,True,,,{},{},{}
10.6.3.70,True,,,{},{},{}
10.6.3.72,True,,,{},{},{}
10.6.3.76,True,,,{},{},{}
10.6.3.82,True,,,{},{},{}
10.6.3.84,True,,,{},{},{}
10.6.3.83,True,,,{},{},{}
10.6.3.67,True,,,{},{},{}
10.6.3.74,True,,,{},{},{}
10.6.3.233,True,,,{},{},{}
10.6.3.241,True,,,{},{},{}
10.6.3.248,True,,,{},{},{}
10.6.3.232,True,,,{},{},{}
10.6.3.4,False,,,"""""",{},{}
10.6.3.3,False,,,"""""",{},{}
10.6.3.1,False,,,"""""",{},{}
10.6.3.2,False,,,"""""",{},{}
10.6.3.6,False,,,"""""",{},{}
10.6.3.9,False,,,"""""",{},{}
10.6.3.10,False,,,"""""",{},{}
10.6.3.5,False,,,"""""",{},{}
10.6.3.8,False,,,"""""",{},{}
10.6.3.7,False,,,"""""",{},{}
10.6.3.11,False,,,"""""",{},{}
10.6.3.12,False,,,"""""",{},{}
10.6.3.13,False,,,"""""",{},{}
10.6.3.15,False,,,"""""",{},{}
10.6.3.14,False,,,"""""",{},{}
10.6.3.16,False,,,"""""",{},{}
10.6.3.17,False,,,"""""",{},{}
10.6.3.18,False,,,"""""",{},{}
10.6.3.19,False,,,"""""",{},{}
10.6.3.21,False,,,"""""",{},{}
10.6.3.22,False,,,"""""",{},{}
10.6.3.23,False,,,"""""",{},{}
10.6.3.24,False,,,"""""",{},{}
10.6.3.26,False,,,"""""",{},{}
10.6.3.25,False,,,"""""",{},{}
10.6.3.28,False,,,"""""",{},{}
10.6.3.27,False,,,"""""",{},{}
10.6.3.29,False,,,"""""",{},{}
10.6.3.30,False,,,"""""",{},{}
10.6.3.31,False,,,"""""",{},{}
10.6.3.32,False,,,"""""",{},{}
10.6.3.34,False,,,"""""",{},{}
10.6.3.37,False,,,"""""",{},{}
10.6.3.36,False,,,"""""",{},{}
10.6.3.38,False,,,"""""",{},{}
10.6.3.40,False,,,"""""",{},{}
10.6.3.39,False,,,"""""",{},{}
10.6.3.41,False,,,"""""",{},{}
10.6.3.42,False,,,"""""",{},{}
10.6.3.43,False,,,"""""",{},{}
10.6.3.44,False,,,"""""",{},{}
10.6.3.45,False,,,"""""",{},{}
10.6.3.46,False,,,"""""",{},{}
10.6.3.48,False,,,"""""",{},{}
10.6.3.50,False,,,"""""",{},{}
10.6.3.47,False,,,"""""",{},{}
10.6.3.51,False,,,"""""",{},{}
10.6.3.52,False,,,"""""",{},{}
10.6.3.53,False,,,"""""",{},{}
10.6.3.55,False,,,"""""",{},{}
10.6.3.58,False,,,"""""",{},{}
10.6.3.60,False,,,"""""",{},{}
10.6.3.61,False,,,"""""",{},{}
10.6.3.62,False,,,"""""",{},{}
10.6.3.63,False,,,"""""",{},{}
10.6.3.64,False,,,"""""",{},{}
10.6.3.66,False,,,"""""",{},{}
10.6.3.68,False,,,"""""",{},{}
10.6.3.71,False,,,"""""",{},{}
10.6.3.77,False,,,"""""",{},{}
10.6.3.78,False,,,"""""",{},{}
10.6.3.79,False,,,"""""",{},{}
10.6.3.80,False,,,"""""",{},{}
10.6.3.85,False,,,"""""",{},{}
10.6.3.86,False,,,"""""",{},{}
10.6.3.87,False,,,"""""",{},{}
10.6.3.88,False,,,"""""",{},{}
10.6.3.89,False,,,"""""",{},{}
10.6.3.90,False,,,"""""",{},{}
10.6.3.91,False,,,"""""",{},{}
10.6.3.93,False,,,"""""",{},{}
10.6.3.92,False,,,"""""",{},{}
10.6.3.94,False,,,"""""",{},{}
10.6.3.95,False,,,"""""",{},{}
10.6.3.96,False,,,"""""",{},{}
10.6.3.97,False,,,"""""",{},{}
10.6.3.98,False,,,"""""",{},{}
10.6.3.99,False,,,"""""",{},{}
10.6.3.100,False,,,"""""",{},{}
10.6.3.101,False,,,"""""",{},{}
10.6.3.102,False,,,"""""",{},{}
10.6.3.103,False,,,"""""",{},{}
10.6.3.105,False,,,"""""",{},{}
10.6.3.104,False,,,"""""",{},{}
10.6.3.106,False,,,"""""",{},{}
10.6.3.107,False,,,"""""",{},{}
10.6.3.109,False,,,"""""",{},{}
10.6.3.108,False,,,"""""",{},{}
10.6.3.110,False,,,"""""",{},{}
10.6.3.111,False,,,"""""",{},{}
10.6.3.112,False,,,"""""",{},{}
10.6.3.113,False,,,"""""",{},{}
10.6.3.114,False,,,"""""",{},{}
10.6.3.115,False,,,"""""",{},{}
10.6.3.116,False,,,"""""",{},{}
10.6.3.117,False,,,"""""",{},{}
10.6.3.118,False,,,"""""",{},{}
10.6.3.119,False,,,"""""",{},{}
10.6.3.120,False,,,"""""",{},{}
10.6.3.121,False,,,"""""",{},{}
10.6.3.123,False,,,"""""",{},{}
10.6.3.122,False,,,"""""",{},{}
10.6.3.124,False,,,"""""",{},{}
10.6.3.125,False,,,"""""",{},{}
10.6.3.126,False,,,"""""",{},{}
10.6.3.127,False,,,"""""",{},{}
10.6.3.128,False,,,"""""",{},{}
10.6.3.129,False,,,"""""",{},{}
10.6.3.130,False,,,"""""",{},{}
10.6.3.131,False,,,"""""",{},{}
10.6.3.132,False,,,"""""",{},{}
10.6.3.133,False,,,"""""",{},{}
10.6.3.134,False,,,"""""",{},{}
10.6.3.135,False,,,"""""",{},{}
10.6.3.136,False,,,"""""",{},{}
10.6.3.137,False,,,"""""",{},{}
10.6.3.138,False,,,"""""",{},{}
10.6.3.139,False,,,"""""",{},{}
10.6.3.140,False,,,"""""",{},{}
10.6.3.141,False,,,"""""",{},{}
10.6.3.142,False,,,"""""",{},{}
10.6.3.143,False,,,"""""",{},{}
10.6.3.144,False,,,"""""",{},{}
10.6.3.145,False,,,"""""",{},{}
10.6.3.146,False,,,"""""",{},{}
10.6.3.147,False,,,"""""",{},{}
10.6.3.148,False,,,"""""",{},{}
10.6.3.149,False,,,"""""",{},{}
10.6.3.150,False,,,"""""",{},{}
10.6.3.152,False,,,"""""",{},{}
10.6.3.151,False,,,"""""",{},{}
10.6.3.153,False,,,"""""",{},{}
10.6.3.154,False,,,"""""",{},{}
10.6.3.155,False,,,"""""",{},{}
10.6.3.156,False,,,"""""",{},{}
10.6.3.157,False,,,"""""",{},{}
10.6.3.158,False,,,"""""",{},{}
10.6.3.159,False,,,"""""",{},{}
10.6.3.160,False,,,"""""",{},{}
10.6.3.161,False,,,"""""",{},{}
10.6.3.162,False,,,"""""",{},{}
10.6.3.163,False,,,"""""",{},{}
10.6.3.164,False,,,"""""",{},{}
10.6.3.165,False,,,"""""",{},{}
10.6.3.166,False,,,"""""",{},{}
10.6.3.167,False,,,"""""",{},{}
10.6.3.168,False,,,"""""",{},{}
10.6.3.169,False,,,"""""",{},{}
10.6.3.170,False,,,"""""",{},{}
10.6.3.172,False,,,"""""",{},{}
10.6.3.171,False,,,"""""",{},{}
10.6.3.173,False,,,"""""",{},{}
10.6.3.174,False,,,"""""",{},{}
10.6.3.175,False,,,"""""",{},{}
10.6.3.176,False,,,"""""",{},{}
10.6.3.177,False,,,"""""",{},{}
10.6.3.178,False,,,"""""",{},{}
10.6.3.179,False,,,"""""",{},{}
10.6.3.180,False,,,"""""",{},{}
10.6.3.181,False,,,"""""",{},{}
10.6.3.182,False,,,"""""",{},{}
10.6.3.183,False,,,"""""",{},{}
10.6.3.184,False,,,"""""",{},{}
10.6.3.185,False,,,"""""",{},{}
10.6.3.186,False,,,"""""",{},{}
10.6.3.187,False,,,"""""",{},{}
10.6.3.188,False,,,"""""",{},{}
10.6.3.189,False,,,"""""",{},{}
10.6.3.190,False,,,"""""",{},{}
10.6.3.191,False,,,"""""",{},{}
10.6.3.192,False,,,"""""",{},{}
10.6.3.193,False,,,"""""",{},{}
10.6.3.194,False,,,"""""",{},{}
10.6.3.195,False,,,"""""",{},{}
10.6.3.196,False,,,"""""",{},{}
10.6.3.197,False,,,"""""",{},{}
10.6.3.198,False,,,"""""",{},{}
10.6.3.199,False,,,"""""",{},{}
10.6.3.200,False,,,"""""",{},{}
10.6.3.201,False,,,"""""",{},{}
10.6.3.202,False,,,"""""",{},{}
10.6.3.203,False,,,"""""",{},{}
10.6.3.204,False,,,"""""",{},{}
10.6.3.205,False,,,"""""",{},{}
10.6.3.206,False,,,"""""",{},{}
10.6.3.207,False,,,"""""",{},{}
10.6.3.208,False,,,"""""",{},{}
10.6.3.209,False,,,"""""",{},{}
10.6.3.210,False,,,"""""",{},{}
10.6.3.211,False,,,"""""",{},{}
10.6.3.212,False,,,"""""",{},{}
10.6.3.213,False,,,"""""",{},{}
10.6.3.214,False,,,"""""",{},{}
10.6.3.215,False,,,"""""",{},{}
10.6.3.216,False,,,"""""",{},{}
10.6.3.217,False,,,"""""",{},{}
10.6.3.218,False,,,"""""",{},{}
10.6.3.219,False,,,"""""",{},{}
10.6.3.220,False,,,"""""",{},{}
10.6.3.221,False,,,"""""",{},{}
10.6.3.222,False,,,"""""",{},{}
10.6.3.223,False,,,"""""",{},{}
10.6.3.224,False,,,"""""",{},{}
10.6.3.225,False,,,"""""",{},{}
10.6.3.226,False,,,"""""",{},{}
10.6.3.227,False,,,"""""",{},{}
10.6.3.228,False,,,"""""",{},{}
10.6.3.229,False,,,"""""",{},{}
10.6.3.230,False,,,"""""",{},{}
10.6.3.231,False,,,"""""",{},{}
10.6.3.234,False,,,"""""",{},{}
10.6.3.235,False,,,"""""",{},{}
10.6.3.236,False,,,"""""",{},{}
10.6.3.237,False,,,"""""",{},{}
10.6.3.238,False,,,"""""",{},{}
10.6.3.239,False,,,"""""",{},{}
10.6.3.240,False,,,"""""",{},{}
10.6.3.242,False,,,"""""",{},{}
10.6.3.243,False,,,"""""",{},{}
10.6.3.244,False,,,"""""",{},{}
10.6.3.245,False,,,"""""",{},{}
10.6.3.247,False,,,"""""",{},{}
10.6.3.246,False,,,"""""",{},{}
10.6.3.249,False,,,"""""",{},{}
10.6.3.251,False,,,"""""",{},{}
10.6.3.252,False,,,"""""",{},{}
10.6.3.253,False,,,"""""",{},{}
10.6.3.254,False,,,"""""",{},{}
